,count,mean,median,std,max,min
Total Costs w/o Fellows,110912,13165.74046938139,11114.555,9642.603432903781,221728.5,0.29
Total Costs w/ Fellows,223741,16918.25003280633,13136.22,16078.546563131898,803084.75,770.27
